{"max": [360.37109375, 1, 1972.2399899999998, 2048.790039, 2145.709961, 1731.880005, 900.9370119999999, 1176.540039, 1514.819946, 2103.300049, 1879.3299559999998, 931.627014, 2162.22998, 1381.369995, 3893.330078, 2034.1700440000002, 891.7290039999997, 908.0889890000001, 1435.800049, 928.4069820000001, 613.669006, 2443.550049, 34188.300781, 840.1840210000001, 1999.859985], "min": [0.003, 0, -1361.359985, -1581.329956, -1643.949951, -1516.640015, -1220.51001, -1266.430054, -1279.939941, -1393.47998, -2887.909912, -1226.780029, -2875.939941, -1353.410034, -4064.070068, -2333.830078, -1212.030029, -1228.030029, -1229.130005, -1230.47998, -696.278992, -1176.369995, -18585.69922, 482.05999800000006, 0.0]}